<!DOCTYPE hibernate-configuration PUBLIC
        "-//Hibernate/Hibernate Configuration DTD 3.0//EN"
        "http://www.hibernate.org/dtd/hibernate-configuration-3.0.dtd">
<hibernate-configuration>
    <session-factory>
        <!-- JDBC Database connection settings -->
        <property name="connection.driver_class">org.h2.Driver</property>
        <property name="connection.url">jdbc:h2:~/.restsuite/storage</property>
        <property name="connection.username">restsuite</property>
        <property name="connection.password">secret</property>
        <!-- JDBC connection pool settings ... using built-in test pool -->
        <property name="connection.pool_size">1</property>
        <!-- Select our SQL dialect -->
        <property name="dialect">org.hibernate.dialect.H2Dialect</property>
        <!-- Echo the SQL to stdout -->
        <property name="show_sql">true</property>
        <!-- Set the current session context -->
        <property name="current_session_context_class">thread</property>
        <!-- Auto Create & Update Database Schema -->
        <property name="hbm2ddl.auto">update</property>
        <!-- dbcp connection pool configuration -->
        <property name="hibernate.dbcp.initialSize">5</property>
        <property name="hibernate.dbcp.maxTotal">20</property>
        <property name="hibernate.dbcp.maxIdle">10</property>
        <property name="hibernate.dbcp.minIdle">5</property>
        <property name="hibernate.dbcp.maxWaitMillis">-1</property>
        <!-- Collection Entity -->
        <mapping class="com.supanadit.restsuite.entity.CollectionStructureFolderEntity"/>
        <mapping class="com.supanadit.restsuite.entity.CollectionStructureEntity"/>
        <mapping class="com.supanadit.restsuite.entity.CollectionBodyEntity"/>
        <mapping class="com.supanadit.restsuite.entity.CollectionHeaderEntity"/>
        <mapping class="com.supanadit.restsuite.entity.CollectionEntity"/>
        <!-- Entity -->
        <mapping class="com.supanadit.restsuite.entity.ProjectEntity"/>
    </session-factory>
</hibernate-configuration>